{
    "amazon.com": {
        "hsts": false,
        "http_server": "Server",
        "insecure-http": true,
        "ipv4_addresses": [
            " 208.67.222.222",
            ":  205.251.242.103",
            " 1.1.1.1",
            ":  54.239.28.85",
            " 8.8.8.8",
            " 8.26.56.26",
            " 9.9.9.9",
            " 64.6.65.6",
            " 185.228.168.168",
            " 77.88.8.7",
            " 156.154.70.1",
            " 198.101.242.72",
            " 176.103.130.130"
        ],
        "ipv6_addresses": [],
        "rdns_names:": [],
        "redirect-to-https": true,
        "root_ca": null,
        "scan-time": 1615775366.1492712,
        "tls_versions": [
            "TLSv1.0",
            "TLSv1.1",
            "TLSv1.2"
        ]
    },
    "ebay.com": {
        "hsts": false,
        "http_server": null,
        "insecure-http": true,
        "ipv4_addresses": [
            " 208.67.222.222",
            ":  66.135.195.175",
            " 1.1.1.1",
            " 8.8.8.8",
            " 8.26.56.26",
            " 9.9.9.9",
            ":  66.135.196.249",
            " 64.6.65.6",
            " 185.228.168.168",
            " 77.88.8.7",
            " 156.154.70.1",
            " 198.101.242.72",
            " 176.103.130.130"
        ],
        "ipv6_addresses": [],
        "rdns_names:": [],
        "redirect-to-https": true,
        "root_ca": null,
        "scan-time": 1615775366.1492712,
        "tls_versions": [
            "TLSv1.0",
            "TLSv1.1",
            "TLSv1.2"
        ]
    },
    "facebook.com": {
        "hsts": true,
        "http_server": null,
        "insecure-http": true,
        "ipv4_addresses": [
            " 208.67.222.222",
            " 31.13.66.35",
            " 1.1.1.1",
            " 69.171.250.35",
            " 8.8.8.8",
            " 8.26.56.26",
            " 9.9.9.9",
            " 157.240.14.35",
            " 64.6.65.6",
            " 157.240.18.35",
            " 185.228.168.168",
            " 31.13.88.35",
            " 77.88.8.7",
            " 185.60.216.35",
            " 156.154.70.1",
            " 198.101.242.72",
            " 157.240.11.35",
            " 176.103.130.130"
        ],
        "ipv6_addresses": [
            " 208.67.222.222",
            " 2a03:2880:f103:83:face:b00c:0:25de",
            " 1.1.1.1",
            " 2a03:2880:f1ff:83:face:b00c:0:25de",
            " 8.8.8.8",
            " 8.26.56.26",
            " 9.9.9.9",
            " 2a03:2880:f12c:183:face:b00c:0:25de",
            " 64.6.65.6",
            " 2a03:2880:f127:283:face:b00c:0:25de",
            " 185.228.168.168",
            " 2a03:2880:f118:82:face:b00c:0:25de",
            " 77.88.8.7",
            " 2a03:2880:f12d:83:face:b00c:0:25de",
            " 156.154.70.1",
            " 198.101.242.72",
            " 2a03:2880:f10d:183:face:b00c:0:25de",
            " 176.103.130.130"
        ],
        "rdns_names:": [],
        "redirect-to-https": true,
        "root_ca": null,
        "scan-time": 1615775366.1492712,
        "tls_versions": [
            "TLSv1.0",
            "TLSv1.1",
            "TLSv1.2"
        ]
    },
    "google.com": {
        "hsts": false,
        "http_server": "gws",
        "insecure-http": true,
        "ipv4_addresses": [
            " 208.67.222.222",
            " 172.217.7.142",
            " 1.1.1.1",
            " 172.217.5.238",
            " 8.8.8.8",
            " 172.217.13.238",
            " 8.26.56.26",
            " 172.217.160.110",
            " 9.9.9.9",
            " 64.6.65.6",
            " 172.217.9.238",
            " 185.228.168.168",
            ":  108.177.122.113",
            " 77.88.8.7",
            " 216.239.38.120",
            " 156.154.70.1",
            " 142.250.64.110",
            " 198.101.242.72",
            " 216.58.192.142",
            " 176.103.130.130",
            " 142.250.179.142"
        ],
        "ipv6_addresses": [
            " 208.67.222.222",
            " 2607:f8b0:4004:805::200e",
            " 1.1.1.1",
            " 2607:f8b0:4004:804::200e",
            " 8.8.8.8",
            " 8.26.56.26",
            " 2404:6800:4012:1::200e",
            " 9.9.9.9",
            " 2607:f8b0:4004:801::200e",
            " 64.6.65.6",
            " 2607:f8b0:4006:806::200e",
            " 185.228.168.168",
            ":  2607:f8b0:4002:c02::65",
            " 77.88.8.7",
            ":  2a00:1450:4010:c06::71",
            " 156.154.70.1",
            " 2607:f8b0:4006:807::200e",
            " 198.101.242.72",
            " 2607:f8b0:4009:80c::200e",
            " 176.103.130.130",
            " 2a00:1450:400e:801::200e"
        ],
        "rdns_names:": [],
        "redirect-to-https": false,
        "root_ca": null,
        "scan-time": 1615775366.1492712,
        "tls_versions": [
            "TLSv1.0",
            "TLSv1.1",
            "TLSv1.2"
        ]
    },
    "stevetarzia.com": {
        "hsts": false,
        "http_server": "Apache/2.2.34 (Amazon)",
        "insecure-http": true,
        "ipv4_addresses": [
            " 208.67.222.222",
            " 54.245.121.172",
            " 1.1.1.1",
            " 8.8.8.8",
            " 8.26.56.26",
            " 9.9.9.9",
            " 64.6.65.6",
            " 185.228.168.168",
            " 77.88.8.7",
            " 156.154.70.1",
            " 198.101.242.72",
            " 176.103.130.130"
        ],
        "ipv6_addresses": [],
        "rdns_names:": [],
        "redirect-to-https": true,
        "root_ca": null,
        "scan-time": 1615775366.1492712,
        "tls_versions": [
            "TLSv1.0",
            "TLSv1.1",
            "TLSv1.2"
        ]
    },
    "twitter.com": {
        "hsts": false,
        "http_server": null,
        "insecure-http": true,
        "ipv4_addresses": [
            " 208.67.222.222",
            ":  104.244.42.65",
            " 1.1.1.1",
            ":  104.244.42.193",
            " 8.8.8.8",
            ":  104.244.42.1",
            " 8.26.56.26",
            " 9.9.9.9",
            " 64.6.65.6",
            " 185.228.168.168",
            " 104.244.42.65",
            " 77.88.8.7",
            " 104.244.42.129",
            " 156.154.70.1",
            " 198.101.242.72",
            " 176.103.130.130"
        ],
        "ipv6_addresses": [],
        "rdns_names:": [],
        "redirect-to-https": true,
        "root_ca": null,
        "scan-time": 1615775366.1492712,
        "tls_versions": [
            "TLSv1.2"
        ]
    }
}
